"ID","COMPLEXITY","NAME","N TERMINUS","SEQUENCE","C TERMINUS","SYNTHESIS TYPE","TARGET GROUP","TARGET OBJECT"
"310","Monomer","B-38","","IKQLLHFFQRF","AMD","Synthetic","Gram+    Gram-","Lipid Bilayer"
"354","Monomer","[RLLR]5","","RLLRRLLRRLLRRLLRRLLR","","Synthetic","Gram+    Gram-    Virus    Fungus","Lipid Bilayer    Virus entry"
"360","Monomer","Magainin-2 	 ","","GIGKFLHSAKKFGKAFVGEIMNS","","Ribosomal","Gram+    Gram-    Virus    Parasite    Cancer    Fungus    Mammalian Cell    Protista","Lipid Bilayer"
"372","Monomer","B-34","","LKRFLKWFKRF","AMD","Synthetic","Gram+","Lipid Bilayer"
"373","Monomer","B-35","","KLFKRWKHLFR","","Synthetic","Gram+","Lipid Bilayer"
"374","Monomer","B-36","","RLLKRFKHLFK","","Synthetic","Gram+","Lipid Bilayer"
"375","Monomer","B-37","","FKTFLKWLHRF","AMD","Synthetic","Gram+","Lipid Bilayer"
"376","Monomer","B-39","","KLLQTFKQIFR","","Synthetic","Gram+","Lipid Bilayer"
"377","Monomer","B-40","","RILKELKNLFK","","Synthetic","Gram+","Lipid Bilayer"
"378","Monomer","B-41","","LKQFVHFIHRF","AMD","Synthetic","Gram+","Lipid Bilayer"
"379","Monomer","B-42","","VKTLLHIFQRF","AMD","Synthetic","Gram+","Lipid Bilayer"
"380","Monomer","B-43","","KLVEQLKEIFR","","Synthetic","Gram+","Lipid Bilayer"
"381","Monomer","B-44","","RVLQEIKQILK","","Synthetic","Gram+","Lipid Bilayer"
"382","Monomer","B-45","","VKNLAELVHRF","AMD","Synthetic","Gram+","Lipid Bilayer"
"383","Monomer","B-46","","ATHLLHALQRF","AMD","Synthetic","Gram+","Lipid Bilayer"
"384","Monomer","B-47","","KLAENVKEILR","","Synthetic","Gram+","Lipid Bilayer"
"385","Monomer","B-48","","RALHEAKEALK","","Synthetic","Gram+","Lipid Bilayer"
"386","Monomer","B-49","","FHYFWHWFHRF","AMD","Synthetic","Gram+","Lipid Bilayer"
"387","Monomer","B-50","","LYHFLHWFQRF","AMD","Synthetic","Gram+","Lipid Bilayer"
"388","Monomer","B-51","","YLFQTWQHLFR","","Synthetic","Gram+","Lipid Bilayer"
"389","Monomer","B-52","","YLLTEFQHLFK","","Synthetic","Gram+","Lipid Bilayer"
"390","Monomer","B-53","","FKTFLQWLHRF","AMD","Synthetic","Gram+","Lipid Bilayer"
"391","Monomer","B-54","","IKTLLHFFQRF","AMD","Synthetic","Gram+","Lipid Bilayer"
"392","Monomer","B-55","","KLLQTFNQIFR","","Synthetic","Gram+","Lipid Bilayer"
"393","Monomer","B-56","","TILQSLKNIFK","","Synthetic","Gram+","Lipid Bilayer"
"394","Monomer","B-57","","LKQFVKFIHRF","AMD","Synthetic","Gram+","Lipid Bilayer"
"395","Monomer","B-58","","VKQLLKIFNRF","AMD","Synthetic","Gram+","Lipid Bilayer"
"396","Monomer","B-59","","KLVQQLKNIFR","","Synthetic","Gram+","Lipid Bilayer"
"397","Monomer","B-60","","RVLNQVKQILK","","Synthetic","Gram+","Lipid Bilayer"
"398","Monomer","B-61","","VKKLAKLVRRF","AMD","Synthetic","Gram+","Lipid Bilayer"
"399","Monomer","B-62","","AKRLLKVLKRF","AMD","Synthetic","Gram+","Lipid Bilayer"
"400","Monomer","B-63","","KLAQKVKRVLR","","Synthetic","Gram+","Lipid Bilayer"
"402","Monomer","B-64","","RALKRIKHVLK","","Synthetic","Gram+","Lipid Bilayer"
"403","Monomer","Alpha-4","","AQAAHQAAHAAHQF","AMD","Synthetic","Gram+","Lipid Bilayer"
"404","Monomer","Alpha-5","","KLKKLLKKLKKLLK","","Synthetic","Gram+","Lipid Bilayer"
"405","Monomer","Alpha-6","","LKLLKKLLKLLKKF","AMD","Synthetic","Gram+","Lipid Bilayer"
"406","Monomer","Alpha-8","","AQAAKQAAKAAKQF","AMD","Synthetic","Gram+","Lipid Bilayer"
"407","Monomer","Alpha-9","","RWRRWWRHFHHFFH","AMD","Synthetic","Gram+","Lipid Bilayer"
"408","Monomer","Alpha-10","","KLKKLLKRWRRWWR","","Synthetic","Gram+","Lipid Bilayer"
"409","Monomer","Alpha-12","","KLKKLLKHLHHLLH","AMD","Synthetic","Gram+","Lipid Bilayer"
"410","Monomer","1C-1, R4W3","","RRRRWWW","","Synthetic","Gram+    Gram-","Lipid Bilayer"
"412","Monomer","1C-2","","RRWWRRW","","Synthetic","Gram+","Lipid Bilayer"
"413","Monomer","1C-3","","RRRWWWR","","Synthetic","Gram+","Lipid Bilayer"
"414","Monomer","1C-4","","RWRWRWR","","Synthetic","Gram+","Lipid Bilayer"
"415","Monomer","2C-1","","RRRFWWR","","Synthetic","Gram+","Lipid Bilayer"
"416","Monomer","2C-2","","RRWWRRF","AMD","Synthetic","Gram+","Lipid Bilayer"
"417","Monomer","2C-3","","RRRWWWF","AMD","Synthetic","Gram+","Lipid Bilayer"
"418","Monomer","3C-1","","RRRRWWK","","Synthetic","Gram+","Lipid Bilayer"
"419","Monomer","3C-2","","RRWWRRK","","Synthetic","Gram+","Lipid Bilayer"
"420","Monomer","3C-3","","RRRWWWK","","Synthetic","Gram+","Lipid Bilayer"
"421","Monomer","3C-4","","RWRWRWK","","Synthetic","Gram+","Lipid Bilayer"
"422","Monomer","4C-1","","RRRKWWK","","Synthetic","Gram+","Lipid Bilayer"
"423","Monomer","4C-2","","RRWKRRK","","Synthetic","Gram+","Lipid Bilayer"
"424","Monomer","4C-4","","RWRKRWK","","Synthetic","Gram+","Lipid Bilayer"
"425","Monomer","FBalpha-12","","FKKFWKWFRRFGGGRWRRLLKKLHHLLH","AMD","Synthetic","Gram+","Lipid Bilayer"
"426","Monomer","FBalpha-13","","IKQLLHFFQRFGGGRWRRLLKKLHHLLH","AMD","Synthetic","Gram+","Lipid Bilayer"
"427","Monomer","FBalpha-20","","RWRRLLKKLHHLLHGGGFKKFWKWFRRF","AMD","Synthetic","Gram+","Lipid Bilayer"
"428","Monomer","FBalpha-21","","RWRRLLKKLHHLLHGGGIKQLLHFFQRF","AMD","Synthetic","Gram+","Lipid Bilayer"
"433","Monomer","FRW-2","","RRRWWWFRRRWWWF","AMD","Synthetic","Gram+","Lipid Bilayer"
"434","Monomer","FRW-8","","RWRWRWFRWRWRWF","AMD","Synthetic","Gram+","Lipid Bilayer"
"435","Monomer","FRW-3","","RRRWWWFASASARRRWWWF","AMD","Synthetic","Gram+","Lipid Bilayer"
"436","Monomer","FRW-4","","RRRWWWFPSGSPRRRWWWF","AMD","Synthetic","Gram+","Lipid Bilayer"
"437","Monomer","FRW-5","","RRRWWWFGGGRRRWWWF","AMD","Synthetic","Gram+","Lipid Bilayer"
"438","Monomer","FRW-9","","RWRWRWFASASARWRWRWF","AMD","Synthetic","Gram+","Lipid Bilayer"
"439","Monomer","FRW-10","","RWRWRWFPSGSPRWRWRWF","AMD","Synthetic","Gram+","Lipid Bilayer"
"440","Monomer","FRW-11","","RWRWRWFGGGRWRWRWF","AMD","Synthetic","Gram+","Lipid Bilayer"
"441","Monomer","FBRW-14","","FKKFWKWFRRFGGGRWRWRWF","AMD","Synthetic","Gram+","Lipid Bilayer"
"442","Monomer","FBRW-15","","IKQLLHFFQRFGGGRWRWRWF","AMD","Synthetic","Gram+","Lipid Bilayer"
"443","Monomer","FBRW-16","","LKRFLKWFKRFGGGRWRWRWF","AMD","Synthetic","Gram+","Lipid Bilayer"
"444","Monomer","FBRW-22","","RWRWRWFGGGFKKFWKWFRRF","AMD","Synthetic","Gram+","Lipid Bilayer"
"445","Monomer","FBRW-23","","RWRWRWFGGGIKQLLHFFQWRF","AMD","Synthetic","Gram+","Lipid Bilayer"
"446","Monomer","FBRW-24","","RWRWRWFGGGLKRFLKWFKRF","AMD","Synthetic","Gram+","Lipid Bilayer"
"872","Monomer","Buforin-2, Histone H2A","","TRSSRAGLQFPVGRVHRLLRK","","Ribosomal","Gram+    Gram-    Virus    Cancer    Fungus    Mammalian Cell    Biofilm","Lipid Bilayer    DNA / RNA    Virus replication"
"873","Monomer","Buforin-2 (5-21)","","RAGLQFPVGRVHRLLRK","","Synthetic","Gram+    Gram-    Fungus    Mammalian Cell","Lipid Bilayer    DNA / RNA"
"874","Monomer","Buforin-2 (6-21)","","AGLQFPVGRVHRLLRK","","Synthetic","Gram+    Gram-    Fungus    Mammalian Cell","Lipid Bilayer    DNA / RNA"
"875","Monomer","Buforin-2 (7-21)","","GLQFPVGRVHRLLRK","","Synthetic","Gram+    Gram-    Fungus","Lipid Bilayer"
"876","Monomer","Buforin-2 (8-21)","","LQFPVGRVHRLLRK","","Synthetic","Gram+    Gram-    Fungus","Lipid Bilayer    DNA / RNA"
"877","Monomer","Buforin-2 (9-21)","","QFPVGRVHRLLRK","","Synthetic","Gram+    Gram-    Fungus","Lipid Bilayer"
"878","Monomer","Buforin-2 (10-21)","","FPVGRVHRLLRK","","Synthetic","Gram+    Gram-    Fungus    Mammalian Cell","Lipid Bilayer"
"879","Monomer","Buforin-2 (11-21)","","PVGRVHRLLRK","","Synthetic","Gram+    Gram-    Fungus","Lipid Bilayer"
"880","Monomer","Buforin-2 (1-17)","","TRSSRAGLQFPVGRVHR","","Synthetic","Gram+    Gram-    Fungus",""
"881","Monomer","Buforin-2 (5-20)","","RAGLQFPVGRVHRLLR","","Synthetic","Gram+    Gram-    Fungus","Lipid Bilayer"
"882","Monomer","Buforin-2 (5-19)","","RAGLQFPVGRVHRLL","","Synthetic","Gram+    Gram-    Fungus","Lipid Bilayer"
"883","Monomer","Buforin-2 (5-18)","","RAGLQFPVGRVHRL","","Synthetic","Gram+    Gram-    Fungus","Lipid Bilayer"
"884","Monomer","Buforin-2 (5-21)[L7]","","RAGLQFLVGRVHRLLRK","","Synthetic","Gram+    Gram-    Fungus","Lipid Bilayer"
"885","Monomer","Buforin-2 (5-21)[K2][K6][L7]","","RKGLQKLVGRVHRLLRK","","Synthetic","Gram+    Gram-    Fungus","Lipid Bilayer"
"886","Monomer","Buforin-2 [14-20]3","","RVHRLLRRVHRLLRRVHRLLR","","Synthetic","Gram+    Gram-    Fungus","Lipid Bilayer"
"887","Monomer","Buforin-2 (5-13)[17-20]3","","RAGLQFPVGRLLRRLLRRLLR","","Synthetic","Gram+    Gram-    Cancer    Fungus    Mammalian Cell","Lipid Bilayer    DNA / RNA"
"888","Monomer","Buforin-2 (5-13) + Magainin-2 (1-14)","","RAGLQFPVGGIGKFLHSAKKFGK","","Synthetic","Gram+    Gram-    Fungus","Lipid Bilayer    DNA / RNA"
"1231","Monomer","Misgurin","","RQRVEELSKFSKKGAAARRRK","","Ribosomal","Gram+    Gram-    Virus    Fungus    Mammalian Cell","Lipid Bilayer    Virus replication"
"1911","Monomer","Sapecin","","ATCDLLSGTGINHSACAAHCLLRGNRGGYCNGKAVCVCRN","","Ribosomal","Gram+    Gram-","Lipid Bilayer"
"2158","Monomer","Buforin-1 ","","AGRGKQGGKVRAKAKTRSSRAGLQFPVGRVHRLLRKGNY","","Ribosomal","Gram+    Gram-    Fungus","Lipid Bilayer    DNA / RNA"
"5157","Monomer","Sapecin-C","","ATCDLLSGIGVQHSACALHCVFRGNRGGYCTGKGICVCRN","","Ribosomal","Gram+    Gram-    Mammalian Cell","Lipid Bilayer"
"5158","Monomer","Sapecin-B","","LTCEIDRSLCLLHCRLKGYLRAYCSQQKVCRCVQ","","Ribosomal","Gram+    Gram-","Lipid Bilayer"
"5412","Monomer","","","FGTGVKRKAQCDLKSK","","Synthetic","Gram+    Gram-    Fungus","Lipid Bilayer"
"5413","Monomer","","","GIGRIGKVHAANLIKIPKG","","Synthetic","Gram+    Gram-    Fungus","Lipid Bilayer"
"5414","Monomer","","","KKVIIEYVKIEA","","Synthetic","Gram+    Gram-    Fungus",""
"5415","Monomer","","","VKEEVKFSKKW","","Synthetic","Gram+    Gram-    Fungus",""
"5416","Monomer","","","KFKLKSLKIIEYKQ","","Synthetic","Gram+    Gram-    Fungus","Lipid Bilayer"
"5417","Monomer","Melittin","","GIGAVLKVLTTGLPALISWIKRKRQQ","","Ribosomal","Gram+    Gram-    Fungus    Mammalian Cell","Lipid Bilayer"
"5545","Monomer","Pepsinogen A-derived antimicrobial peptide, bPaAP","","GVVKVSRLKGESLRARL","","Ribosomal","Gram+    Gram-    Fungus    Mammalian Cell","Lipid Bilayer"
"5546","Monomer","Pepsinogen C-derived antimicrobial peptide, bPcAP","","IIKVPLKKFKSMREVMRDHGIKAPVVDPATKY","","Ribosomal","Gram+    Gram-    Fungus    Mammalian Cell","Lipid Bilayer"
"5547","Monomer","Bullfrog Buforin I","","SGRGKQGGKVRAKAKTRSSRAGLQFPVGRVHRLLRKGNY","","Ribosomal","Gram+    Gram-    Fungus    Mammalian Cell","Lipid Bilayer"
"5548","Monomer","Monkey Pepsinogen C (7-20)","","AVVKVPLKKFKSIRE","","Synthetic","Gram+    Gram-    Fungus    Mammalian Cell","Lipid Bilayer"
"5549","Monomer","Human Pepsinogen C (17-42) [G50E][E51D]","","AVVKVPLKKFKSIRETMKEKGLLEDF","","Synthetic","Gram+    Gram-    Fungus    Mammalian Cell","Lipid Bilayer"
"5555","Monomer","Lassomycin","","GLRRLFADQLVGRRNX","","Ribosomal","Gram+    Gram-","Cytoplasmic Protein    Lipid Bilayer"
"6825","Monomer","LL-37 KR-12","","KRIVQRIKDFLR","AMD","Synthetic","Gram+    Gram-    Cancer    Mammalian Cell","Lipid Bilayer"
"7655","Monomer","ppTG20","","GLFRALLRLLRSLWRLLLRA","","Synthetic","Gram+    Gram-    Mammalian Cell","Lipid Bilayer    DNA / RNA"
"7656","Monomer","ppTG20 [F3R][W14R]","","GLRRALLRLLRSLRRLLLRA","","Synthetic","Gram+    Gram-    Mammalian Cell","Lipid Bilayer"
"9531","Monomer","","","ILSLRWRWKWWKK","","Synthetic","Gram+    Gram-    Cancer","Lipid Bilayer"
"9532","Monomer","","","ILSLRWWRKWWKK","","Synthetic","Gram+    Gram-    Cancer","Lipid Bilayer"
"9533","Monomer","","","ILSLRWRWWKWKK","","Synthetic","Gram+    Gram-    Cancer","Lipid Bilayer"
"9534","Monomer","","","IRKLKSWKWLRWL","","Synthetic","Gram+    Gram-    Cancer","Lipid Bilayer"
"9675","Monomer","Saha-CATH3, Saha cathelicidin 3","","KRMGIFHLFWAGLRKLGNLIKNKIQQGIENFLG","","Ribosomal","Gram+    Gram-    Cancer    Fungus    Mammalian Cell","Lipid Bilayer"
"9676","Monomer","Saha-CATH5, Saha cathelicidin 5","","KRIGLIRLIGKILRGLRRLG","","Ribosomal","Gram+    Gram-    Cancer    Fungus    Mammalian Cell","Lipid Bilayer"
"9677","Monomer","Saha-CATH6, Saha cathelicidin 6","","KRIRFFERIRDRLRDLGNRIKNRIRDFFS","","Ribosomal","Gram+    Gram-    Cancer    Fungus    Mammalian Cell","Lipid Bilayer"
"10246","Monomer","Temporin-GHc","","FLQHIIGALTHIF","AMD","Ribosomal","Gram+    Gram-    Fungus    Mammalian Cell    Biofilm","Lipid Bilayer"
"10247","Monomer","Temporin-GHd","","FLQHIIGALSHFF","AMD","Ribosomal","Gram+    Gram-    Fungus    Mammalian Cell    Biofilm","Lipid Bilayer"
"11956","Monomer","HDL-GBP (192-202) [P4K,M8K,P10L], HDH-LGBP-A1","","WLWKAIWKLLT","AMD","Synthetic","Gram+    Gram-    Cancer    Fungus    Mammalian Cell","Lipid Bilayer"
"11957","Monomer","HDL-GBP (192-202) [P4K,M8K,P10L,T11K], HDH-LGBP-A2","","WLWKAIWKLLK","AMD","Synthetic","Gram+    Gram-    Cancer    Fungus    Mammalian Cell","Lipid Bilayer"
"12758","Monomer","","","GKKYRRFRWKFKGKLFLFG","AMD","Synthetic","Gram+    Gram-    Fungus","Lipid Bilayer"
"12761","Monomer","","","GCKKYRRFRWKFKGKFWFWG","AMD","Synthetic","Gram+    Gram-    Fungus","Lipid Bilayer"
"14968","Monomer","Cathelicidin ModoCath4","","SKTKRRSLLKRLGDGIRGFWNGFRGRK","","Ribosomal","Gram+    Gram-    Fungus    Mammalian Cell","Lipid Bilayer"
"14969","Monomer","Cathelicidin MaeuCath7","","KRGLWESLKRKVTKLGDDIRNTLRNFKIKFPVPRQG","","Ribosomal","Gram+    Gram-    Fungus    Mammalian Cell","Lipid Bilayer"
"14970","Monomer","Cathelicidin Taac-CATH1","","PIRTKRRWKLIKKGGKIVKDLLTKNNIIILPGGNE","","Ribosomal","Gram+    Gram-    Fungus    Mammalian Cell","Lipid Bilayer"
"18250","Monomer","PhciCath5","","KRGGIWKLIRPLGRGAGRILRHFHIDFCGNC","","Ribosomal","Gram+    Gram-    Fungus","Lipid Bilayer"
"21132","Monomer","Clovibactin","","FlkSXALL","","Nonribosomal","Gram+    Gram-    Cancer    Mammalian Cell","Lipid II"
"21401","Monomer","CLP-4","","XXlWknr","","Synthetic","Gram+    Mammalian Cell    Biofilm","Lipid Bilayer"
"21524","Monomer","ZXR-2","","FKIGGFIKKLWRSLLA","","Synthetic","Gram+    Gram-    Cancer    Mammalian Cell    Biofilm","Lipid Bilayer"